id,family,reedQ,massRate,drawEscapeScale,drawContractionRatio,blow_threshold_pa,draw_threshold_pa,blow_onset_f0_hz,draw_onset_f0_hz,blow_error_pa,draw_error_pa,total_abs_error_pa
q12.0-m0.30-combined-e2.00-c1.50,combined,12,0.3,2,1.5,370,105,480,480,0,15,15
q10.0-m0.15-combined-e2.00-c1.50,combined,10,0.15,2,1.5,380,105,480,484.8484848484849,10,15,25
q12.0-m0.30-combined-e2.00-c1.25,combined,12,0.3,2,1.25,370,120,480,480,0,30,30
q10.0-m0.15-combined-e2.00-c1.25,combined,10,0.15,2,1.25,380,120,480,480,10,30,40
q8.0-m0.00-combined-e2.00-c1.50,combined,8,0,2,1.5,400,110,480,484.8484848484849,30,20,50
q12.0-m0.30-geometry-e2.00-c1.00,geometry,12,0.3,2,1,370,140,480,480,0,50,50
q10.0-m0.00-combined-e2.00-c1.50,combined,10,0,2,1.5,315,90,480,484.8484848484849,55,0,55
q12.0-m0.15-combined-e2.00-c1.50,combined,12,0.15,2,1.5,315,90,480,480,55,0,55
q8.0-m0.00-combined-e2.00-c1.25,combined,8,0,2,1.25,400,120,480,484.8484848484849,30,30,60
q10.0-m0.15-geometry-e2.00-c1.00,geometry,10,0.15,2,1,380,140,480,480,10,50,60
q10.0-m0.00-combined-e2.00-c1.25,combined,10,0,2,1.25,315,100,480,484.8484848484849,55,10,65
q12.0-m0.30-combined-e1.50-c1.50,combined,12,0.3,1.5,1.5,370,155,480,480,0,65,65
q12.0-m0.15-combined-e2.00-c1.25,combined,12,0.15,2,1.25,315,105,480,480,55,15,70
q15.0-m0.30-combined-e2.00-c1.50,combined,15,0.3,2,1.5,300,90,480,480,70,0,70
q10.0-m0.15-combined-e1.50-c1.50,combined,10,0.15,1.5,1.5,380,155,480,480,10,65,75
q15.0-m0.30-combined-e2.00-c1.25,combined,15,0.3,2,1.25,300,100,480,480,70,10,80
q8.0-m0.00-geometry-e2.00-c1.00,geometry,8,0,2,1,400,145,480,484.8484848484849,30,55,85
q10.0-m0.00-geometry-e2.00-c1.00,geometry,10,0,2,1,315,120,480,480,55,30,85
q12.0-m0.15-geometry-e2.00-c1.00,geometry,12,0.15,2,1,315,120,480,480,55,30,85
q12.0-m0.30-combined-e1.50-c1.25,combined,12,0.3,1.5,1.25,370,175,480,480,0,85,85
q10.0-m0.00-combined-e1.50-c1.50,combined,10,0,1.5,1.5,315,130,480,484.8484848484849,55,40,95
q10.0-m0.15-combined-e1.50-c1.25,combined,10,0.15,1.5,1.25,380,175,480,480,10,85,95
q8.0-m0.00-combined-e1.50-c1.50,combined,8,0,1.5,1.5,400,160,480,484.8484848484849,30,70,100
q12.0-m0.15-combined-e1.50-c1.50,combined,12,0.15,1.5,1.5,315,135,480,480,55,45,100
q15.0-m0.30-geometry-e2.00-c1.00,geometry,15,0.3,2,1,300,120,480,480,70,30,100
q12.0-m0.00-combined-e2.00-c1.25,combined,12,0,2,1.25,260,90,480,480,110,0,110
q12.0-m0.30-combined-e1.25-c1.50,combined,12,0.3,1.25,1.5,370,200,480,480,0,110,110
q15.0-m0.15-combined-e2.00-c1.25,combined,15,0.15,2,1.25,260,90,480,480,110,0,110
q15.0-m0.30-combined-e1.50-c1.50,combined,15,0.3,1.5,1.5,300,130,480,480,70,40,110
q10.0-m0.00-combined-e1.50-c1.25,combined,10,0,1.5,1.25,315,150,480,480,55,60,115
q10.0-m0.15-combined-e1.25-c1.50,combined,10,0.15,1.25,1.5,380,195,480,480,10,105,115
q10.0-m0.30-combined-e2.00-c1.50,combined,10,0.3,2,1.5,450,125,480,480,80,35,115
q12.0-m0.15-combined-e1.50-c1.25,combined,12,0.15,1.5,1.25,315,150,480,480,55,60,115
q8.0-m0.00-combined-e1.50-c1.25,combined,8,0,1.5,1.25,400,180,480,484.8484848484849,30,90,120
q12.0-m0.00-geometry-e2.00-c1.00,geometry,12,0,2,1,260,100,480,480,110,10,120
q12.0-m0.00-combined-e2.00-c1.50,combined,12,0,2,1.5,260,80,480,484.8484848484849,110,10,120
q12.0-m0.30-geometry-e1.50-c1.00,geometry,12,0.3,1.5,1,370,210,480,480,0,120,120
q15.0-m0.15-geometry-e2.00-c1.00,geometry,15,0.15,2,1,260,100,480,480,110,10,120
q15.0-m0.15-combined-e2.00-c1.50,combined,15,0.15,2,1.5,260,80,480,480,110,10,120
q10.0-m0.00-combined-e1.25-c1.50,combined,10,0,1.25,1.5,315,165,480,484.8484848484849,55,75,130
q10.0-m0.15-geometry-e1.50-c1.00,geometry,10,0.15,1.5,1,380,210,480,480,10,120,130
q10.0-m0.30-combined-e2.00-c1.25,combined,10,0.3,2,1.25,450,140,480,480,80,50,130
q15.0-m0.30-combined-e1.50-c1.25,combined,15,0.3,1.5,1.25,300,150,480,480,70,60,130
q12.0-m0.00-combined-e1.50-c1.50,combined,12,0,1.5,1.5,260,115,480,480,110,25,135
q12.0-m0.15-combined-e1.25-c1.50,combined,12,0.15,1.25,1.5,315,170,480,480,55,80,135
q12.0-m0.30-combined-e1.25-c1.25,combined,12,0.3,1.25,1.25,370,225,480,480,0,135,135
q15.0-m0.15-combined-e1.50-c1.50,combined,15,0.15,1.5,1.5,260,115,480,480,110,25,135
q20.0-m0.30-geometry-e2.00-c1.00,geometry,20,0.3,2,1,240,95,475.2475247524753,480,130,5,135
q20.0-m0.30-combined-e2.00-c1.25,combined,20,0.3,2,1.25,240,85,475.2475247524753,480,130,5,135
q8.0-m0.00-combined-e1.25-c1.50,combined,8,0,1.25,1.5,400,200,480,484.8484848484849,30,110,140
q10.0-m0.00-geometry-e1.50-c1.00,geometry,10,0,1.5,1,315,175,480,480,55,85,140
q10.0-m0.15-combined-e1.25-c1.25,combined,10,0.15,1.25,1.25,380,225,480,480,10,135,145
q12.0-m0.00-combined-e1.50-c1.25,combined,12,0,1.5,1.25,260,125,480,480,110,35,145
q12.0-m0.15-geometry-e1.50-c1.00,geometry,12,0.15,1.5,1,315,180,480,480,55,90,145
q15.0-m0.15-combined-e1.50-c1.25,combined,15,0.15,1.5,1.25,260,125,480,480,110,35,145
q15.0-m0.30-combined-e1.25-c1.50,combined,15,0.3,1.25,1.5,300,165,480,480,70,75,145
q20.0-m0.30-combined-e2.00-c1.50,combined,20,0.3,2,1.5,240,75,475.2475247524753,480,130,15,145
q20.0-m0.30-combined-e1.50-c1.50,combined,20,0.3,1.5,1.5,240,110,475.2475247524753,480,130,20,150
q8.0-m0.15-combined-e2.00-c1.50,combined,8,0.15,2,1.5,485,130,480,484.8484848484849,115,40,155
q10.0-m0.00-combined-e1.25-c1.25,combined,10,0,1.25,1.25,315,190,480,480,55,100,155
q10.0-m0.30-geometry-e2.00-c1.00,geometry,10,0.3,2,1,450,165,480,480,80,75,155
q15.0-m0.30-geometry-e1.50-c1.00,geometry,15,0.3,1.5,1,300,175,480,480,70,85,155
q8.0-m0.00-geometry-e1.50-c1.00,geometry,8,0,1.5,1,400,220,480,484.8484848484849,30,130,160
q12.0-m0.15-combined-e1.25-c1.25,combined,12,0.15,1.25,1.25,315,195,480,480,55,105,160
q15.0-m0.00-combined-e1.50-c1.50,combined,15,0,1.5,1.5,215,95,480,480,155,5,160
q15.0-m0.00-geometry-e2.00-c1.00,geometry,15,0,2,1,215,85,480,480,155,5,160
q20.0-m0.30-combined-e1.50-c1.25,combined,20,0.3,1.5,1.25,240,120,475.2475247524753,480,130,30,160
q12.0-m0.00-combined-e1.25-c1.50,combined,12,0,1.25,1.5,260,145,480,480,110,55,165
q15.0-m0.15-combined-e1.25-c1.50,combined,15,0.15,1.25,1.5,260,145,480,480,110,55,165
q8.0-m0.15-combined-e2.00-c1.25,combined,8,0.15,2,1.25,485,145,480,484.8484848484849,115,55,170
q10.0-m0.30-combined-e1.50-c1.50,combined,10,0.3,1.5,1.5,450,180,480,480,80,90,170
q12.0-m0.00-geometry-e1.50-c1.00,geometry,12,0,1.5,1,260,150,480,480,110,60,170
q15.0-m0.00-combined-e2.00-c1.25,combined,15,0,2,1.25,215,75,480,480,155,15,170
q15.0-m0.15-geometry-e1.50-c1.00,geometry,15,0.15,1.5,1,260,150,480,480,110,60,170
q15.0-m0.30-combined-e1.25-c1.25,combined,15,0.3,1.25,1.25,300,190,480,480,70,100,170
q20.0-m0.15-combined-e1.50-c1.50,combined,20,0.15,1.5,1.5,205,95,480,480,165,5,170
q8.0-m0.00-combined-e1.25-c1.25,combined,8,0,1.25,1.25,400,235,480,484.8484848484849,30,145,175
q12.0-m0.30-flow-e1.00-c1.50,flow,12,0.3,1,1.5,370,265,480,480,0,175,175
q15.0-m0.00-combined-e1.50-c1.25,combined,15,0,1.5,1.25,215,110,480,480,155,20,175
q20.0-m0.15-geometry-e2.00-c1.00,geometry,20,0.15,2,1,205,80,480,480,165,10,175
q20.0-m0.30-combined-e1.25-c1.50,combined,20,0.3,1.25,1.5,240,135,475.2475247524753,480,130,45,175
q12.0-m0.00-combined-e1.25-c1.25,combined,12,0,1.25,1.25,260,160,480,480,110,70,180
q12.0-m0.30-geometry-e1.25-c1.00,geometry,12,0.3,1.25,1,370,270,480,480,0,180,180
q15.0-m0.00-combined-e2.00-c1.50,combined,15,0,2,1.5,215,65,480,480,155,25,180
q15.0-m0.15-combined-e1.25-c1.25,combined,15,0.15,1.25,1.25,260,160,480,480,110,70,180
q20.0-m0.15-combined-e1.50-c1.25,combined,20,0.15,1.5,1.25,205,105,480,480,165,15,180
q20.0-m0.30-geometry-e1.50-c1.00,geometry,20,0.3,1.5,1,240,140,475.2475247524753,475.2475247524753,130,50,180
q10.0-m0.15-flow-e1.00-c1.50,flow,10,0.15,1,1.5,380,265,480,480,10,175,185
q15.0-m0.00-combined-e1.25-c1.50,combined,15,0,1.25,1.5,215,120,480,480,155,30,185
q20.0-m0.15-combined-e2.00-c1.25,combined,20,0.15,2,1.25,205,70,480,480,165,20,185
q10.0-m0.00-flow-e1.00-c1.50,flow,10,0,1,1.5,315,225,480,480,55,135,190
q10.0-m0.00-geometry-e1.25-c1.00,geometry,10,0,1.25,1,315,225,480,480,55,135,190
q15.0-m0.00-geometry-e1.50-c1.00,geometry,15,0,1.5,1,215,125,480,480,155,35,190
q20.0-m0.15-combined-e2.00-c1.50,combined,20,0.15,2,1.5,205,65,480,480,165,25,190
q20.0-m0.30-combined-e1.25-c1.25,combined,20,0.3,1.25,1.25,240,150,475.2475247524753,480,130,60,190
q10.0-m0.15-geometry-e1.25-c1.00,geometry,10,0.15,1.25,1,380,275,480,480,10,185,195
q10.0-m0.30-combined-e1.50-c1.25,combined,10,0.3,1.5,1.25,450,205,480,480,80,115,195
q12.0-m0.15-flow-e1.00-c1.50,flow,12,0.15,1,1.5,315,230,480,480,55,140,195
q12.0-m0.15-geometry-e1.25-c1.00,geometry,12,0.15,1.25,1,315,230,480,480,55,140,195
q20.0-m0.15-combined-e1.25-c1.50,combined,20,0.15,1.25,1.5,205,120,480,480,165,30,195
q20.0-m0.15-geometry-e1.50-c1.00,geometry,20,0.15,1.5,1,205,120,480,480,165,30,195
q8.0-m0.15-geometry-e2.00-c1.00,geometry,8,0.15,2,1,485,175,480,480,115,85,200
q15.0-m0.00-combined-e1.25-c1.25,combined,15,0,1.25,1.25,215,135,480,480,155,45,200
q15.0-m0.30-geometry-e1.25-c1.00,geometry,15,0.3,1.25,1,300,220,480,480,70,130,200
q20.0-m0.00-combined-e1.50-c1.25,combined,20,0,1.5,1.25,170,90,480,480,200,0,200
q15.0-m0.30-flow-e1.00-c1.50,flow,15,0.3,1,1.5,300,225,480,480,70,135,205
q20.0-m0.15-combined-e1.25-c1.25,combined,20,0.15,1.25,1.25,205,130,480,480,165,40,205
q12.0-m0.00-flow-e1.00-c1.50,flow,12,0,1,1.5,260,190,480,480,110,100,210
q12.0-m0.00-geometry-e1.25-c1.00,geometry,12,0,1.25,1,260,190,480,480,110,100,210
q15.0-m0.15-flow-e1.00-c1.50,flow,15,0.15,1,1.5,260,190,480,480,110,100,210
q15.0-m0.15-geometry-e1.25-c1.00,geometry,15,0.15,1.25,1,260,190,480,480,110,100,210
q20.0-m0.00-combined-e1.25-c1.50,combined,20,0,1.25,1.5,170,100,480,480,200,10,210
q20.0-m0.00-geometry-e1.50-c1.00,geometry,20,0,1.5,1,170,100,480,480,200,10,210
q20.0-m0.00-combined-e1.50-c1.50,combined,20,0,1.5,1.5,170,80,480,480,200,10,210
q8.0-m0.00-flow-e1.00-c1.50,flow,8,0,1,1.5,400,275,480,484.8484848484849,30,185,215
q8.0-m0.15-combined-e1.50-c1.50,combined,8,0.15,1.5,1.5,485,190,480,484.8484848484849,115,100,215
q12.0-m0.30-flow-e1.00-c1.25,flow,12,0.3,1,1.25,370,305,480,480,0,215,215
q20.0-m0.30-geometry-e1.25-c1.00,geometry,20,0.3,1.25,1,240,175,475.2475247524753,475.2475247524753,130,85,215
q10.0-m0.30-combined-e1.25-c1.50,combined,10,0.3,1.25,1.5,450,230,480,480,80,140,220
q20.0-m0.00-combined-e1.25-c1.25,combined,20,0,1.25,1.25,170,110,480,480,200,20,220
q20.0-m0.00-geometry-e2.00-c1.00,geometry,20,0,2,1,170,70,480,480,200,20,220
q20.0-m0.30-flow-e1.00-c1.50,flow,20,0.3,1,1.5,240,180,475.2475247524753,480,130,90,220
q8.0-m0.00-geometry-e1.25-c1.00,geometry,8,0,1.25,1,400,285,480,480,30,195,225
q10.0-m0.00-flow-e1.00-c1.25,flow,10,0,1,1.25,315,260,480,480,55,170,225
q12.0-m0.15-flow-e1.00-c1.25,flow,12,0.15,1,1.25,315,260,480,480,55,170,225
q15.0-m0.00-flow-e1.00-c1.50,flow,15,0,1,1.5,215,160,480,480,155,70,225
q15.0-m0.00-geometry-e1.25-c1.00,geometry,15,0,1.25,1,215,160,480,480,155,70,225
q20.0-m0.15-geometry-e1.25-c1.00,geometry,20,0.15,1.25,1,205,150,480,480,165,60,225
q10.0-m0.15-flow-e1.00-c1.25,flow,10,0.15,1,1.25,380,310,480,480,10,220,230
q20.0-m0.00-combined-e2.00-c1.25,combined,20,0,2,1.25,170,60,480,480,200,30,230
q20.0-m0.15-flow-e1.00-c1.50,flow,20,0.15,1,1.5,205,155,480,480,165,65,230
q15.0-m0.15-flow-e1.00-c1.25,flow,15,0.15,1,1.25,260,215,480,480,110,125,235
q15.0-m0.30-flow-e1.00-c1.25,flow,15,0.3,1,1.25,300,255,480,480,70,165,235
q20.0-m0.00-combined-e2.00-c1.50,combined,20,0,2,1.5,170,55,480,480,200,35,235
q8.0-m0.15-combined-e1.50-c1.25,combined,8,0.15,1.5,1.25,485,215,480,484.8484848484849,115,125,240
q10.0-m0.30-geometry-e1.50-c1.00,geometry,10,0.3,1.5,1,450,250,480,480,80,160,240
q12.0-m0.00-flow-e1.00-c1.25,flow,12,0,1,1.25,260,220,480,480,110,130,240
q20.0-m0.00-geometry-e1.25-c1.00,geometry,20,0,1.25,1,170,130,480,480,200,40,240
q20.0-m0.00-flow-e1.00-c1.50,flow,20,0,1,1.5,170,135,480,480,200,45,245
q20.0-m0.30-flow-e1.00-c1.25,flow,20,0.3,1,1.25,240,205,475.2475247524753,480,130,115,245
q15.0-m0.00-flow-e1.00-c1.25,flow,15,0,1,1.25,215,185,480,480,155,95,250
q20.0-m0.15-flow-e1.00-c1.25,flow,20,0.15,1,1.25,205,175,480,480,165,85,250
q10.0-m0.30-combined-e1.25-c1.25,combined,10,0.3,1.25,1.25,450,265,480,480,80,175,255
q8.0-m0.00-flow-e1.00-c1.25,flow,8,0,1,1.25,400,320,480,484.8484848484849,30,230,260
q20.0-m0.00-flow-e1.00-c1.25,flow,20,0,1,1.25,170,150,480,480,200,60,260
q8.0-m0.15-combined-e1.25-c1.50,combined,8,0.15,1.25,1.5,485,240,480,484.8484848484849,115,150,265
q8.0-m0.30-combined-e2.00-c1.50,combined,8,0.3,2,1.5,580,150,480,484.8484848484849,210,60,270
q10.0-m0.00-symmetric-e1.00-c1.00,symmetric,10,0,1,1,315,315,480,480,55,225,280
q12.0-m0.00-symmetric-e1.00-c1.00,symmetric,12,0,1,1,260,260,480,480,110,170,280
q12.0-m0.15-symmetric-e1.00-c1.00,symmetric,12,0.15,1,1,315,315,480,480,55,225,280
q12.0-m0.30-symmetric-e1.00-c1.00,symmetric,12,0.3,1,1,370,370,480,480,0,280,280
q15.0-m0.00-symmetric-e1.00-c1.00,symmetric,15,0,1,1,215,215,480,480,155,125,280
q15.0-m0.15-symmetric-e1.00-c1.00,symmetric,15,0.15,1,1,260,260,480,480,110,170,280
q15.0-m0.30-symmetric-e1.00-c1.00,symmetric,15,0.3,1,1,300,300,480,480,70,210,280
q20.0-m0.00-symmetric-e1.00-c1.00,symmetric,20,0,1,1,170,170,480,480,200,80,280
q20.0-m0.15-symmetric-e1.00-c1.00,symmetric,20,0.15,1,1,205,205,480,480,165,115,280
q20.0-m0.30-symmetric-e1.00-c1.00,symmetric,20,0.3,1,1,240,240,475.2475247524753,475.2475247524753,130,150,280
q8.0-m0.15-geometry-e1.50-c1.00,geometry,8,0.15,1.5,1,485,265,480,480,115,175,290
q8.0-m0.30-combined-e2.00-c1.25,combined,8,0.3,2,1.25,580,170,480,484.8484848484849,210,80,290
q10.0-m0.15-symmetric-e1.00-c1.00,symmetric,10,0.15,1,1,380,380,480,480,10,290,300
q8.0-m0.15-combined-e1.25-c1.25,combined,8,0.15,1.25,1.25,485,280,480,480,115,190,305
q10.0-m0.30-flow-e1.00-c1.50,flow,10,0.3,1,1.5,450,315,480,480,80,225,305
q10.0-m0.30-geometry-e1.25-c1.00,geometry,10,0.3,1.25,1,450,325,480,480,80,235,315
q8.0-m0.30-geometry-e2.00-c1.00,geometry,8,0.3,2,1,580,205,480,480,210,115,325
q8.0-m0.00-symmetric-e1.00-c1.00,symmetric,8,0,1,1,400,400,480,480,30,310,340
q8.0-m0.30-combined-e1.50-c1.50,combined,8,0.3,1.5,1.5,580,220,480,484.8484848484849,210,130,340
q8.0-m0.15-flow-e1.00-c1.50,flow,8,0.15,1,1.5,485,330,480,484.8484848484849,115,240,355
q10.0-m0.30-flow-e1.00-c1.25,flow,10,0.3,1,1.25,450,365,480,480,80,275,355
q8.0-m0.15-geometry-e1.25-c1.00,geometry,8,0.15,1.25,1,485,345,480,480,115,255,370
q8.0-m0.30-combined-e1.50-c1.25,combined,8,0.3,1.5,1.25,580,255,480,480,210,165,375
q8.0-m0.30-combined-e1.25-c1.50,combined,8,0.3,1.25,1.5,580,285,480,480,210,195,405
q8.0-m0.15-flow-e1.00-c1.25,flow,8,0.15,1,1.25,485,390,480,480,115,300,415
q8.0-m0.30-geometry-e1.50-c1.00,geometry,8,0.3,1.5,1,580,315,480,480,210,225,435
q10.0-m0.30-symmetric-e1.00-c1.00,symmetric,10,0.3,1,1,450,450,480,480,80,360,440
q8.0-m0.30-combined-e1.25-c1.25,combined,8,0.3,1.25,1.25,580,330,480,480,210,240,450
q8.0-m0.15-symmetric-e1.00-c1.00,symmetric,8,0.15,1,1,485,485,480,480,115,395,510
q8.0-m0.30-flow-e1.00-c1.50,flow,8,0.3,1,1.5,580,390,480,480,210,300,510
q8.0-m0.30-geometry-e1.25-c1.00,geometry,8,0.3,1.25,1,580,415,480,480,210,325,535
q8.0-m0.30-flow-e1.00-c1.25,flow,8,0.3,1,1.25,580,460,480,480,210,370,580
q8.0-m0.30-symmetric-e1.00-c1.00,symmetric,8,0.3,1,1,580,580,480,480,210,490,700
