volume_ml,recovery_ms,finite,threshold_shape_preserved,chord_all_oscillating,chord_blow_pressure_ratio,chord_draw_pressure_ratio,chord_blow_std_pa,chord_draw_std_pa,score
250,1,true,true,true,0.9518552023494014,0.7973459569664244,1.0912985647476472,4.991489560425869,15.450924538297695
150,1,true,true,true,0.9233127670797572,0.7096006393898494,1.7244606794830406,7.364023372405474,21.371212768990777
100,1,true,false,true,0.89088533546758,0.6290876986404692,2.4281944523247345,9.525489093355834,1028.0026965891952
250,2.5,true,false,true,0.8911240776233431,0.6285408537235231,0.9991705712843484,3.961895427459253,1028.0335068653133
70,1,true,false,true,0.8535732146023638,0.5540885937391568,3.2069281379650443,11.548493040930994,1039.233819165848
150,2.5,true,false,true,0.83518402508575,0.5204709025504988,1.481058291376376,5.215000685679873,1044.434507236375
250,5,true,false,true,0.8110531259339746,0.4820539703227472,0.8404540150033541,2.8623563694037215,1050.6892903743278
40,1,true,false,true,0.7764907401437282,0.43800405990864066,4.654274789086197,14.691846635818722,1058.5505199947631
100,2.5,true,false,true,0.7774829888157526,0.4365848617315367,1.9213865430705932,6.237950216784596,1058.593214945271
150,5,true,false,true,0.7304710199697204,0.3812667297643436,1.0907288669801676,3.4881530327014327,1068.8262250265936
70,2.5,true,false,true,0.7174786349712089,0.3688124420209484,2.2289440621634324,7.037350372851452,1071.3708923007844
250,10,true,false,true,0.6986761384042476,0.34903660794000646,0.7132813233550493,1.845492766123707,1075.2287253655745
100,5,true,false,true,0.6566453005961215,0.3124369590518042,0.780129613200391,3.879668932803662,1083.0917740352074
40,2.5,true,false,true,0.6060617696814247,0.279406942718467,1.2718746306522177,7.899154297109675,1091.4531287600107
150,10,true,false,false,0.5915885694957546,0.2712780190690777,7.718913361102792e-7,2.0306086821393037,1593.7133411435168
70,5,true,false,false,0.5743385517858746,0.2617802337406918,1.2161582281469192e-7,4.070722387222932,1596.3881214473433
250,20,true,false,false,0.5453288738870905,0.24860827136594554,9.797785200156252e-10,1.0234108014966432,1600.6062854746965
100,10,true,false,false,0.4861266824106424,0.22316850956759834,7.639673215118466e-10,2.003413141071164,1609.0704808021758
40,5,true,false,false,0.4249517419714199,0.20011513269495101,7.062638179074661e-10,3.716572158489444,1617.493312533363
150,20,true,false,false,0.4070463030072937,0.19602527302272665,7.640712347656804e-10,0.8914379875805659,1619.692842396998
70,10,true,false,false,0.3878616476781804,0.18914692020954116,6.556410399741482e-10,1.7003624868307898,1622.2991432112278
100,20,true,false,false,0.2950967749672584,0.1597472284347268,5.813088106710089e-10,0.4386846740304735,1634.5155996598016
40,10,true,false,false,0.23640297628358634,0.1290813091893527,4.945049508958013e-10,2.460216595575435e-10,1643.451571452706
70,20,true,false,false,0.20338699601789215,0.10882544177947913,4.458918552593007e-10,2.264380949386628e-10,1648.778756220263
40,20,true,false,false,0.09305233372757421,0.04567724746571826,2.2854139182565687e-10,1.1237422046626769e-10,1666.1270418806707
